0851732,Zalesie,2,"50°18'45"" 16°34'48"""
0935989,Bolesławiec,2,"51°15'47"" 15°33'53"""
0984203,Lądek-Zdrój,2,"50°20'33"" 16°53'14"""
0936262,Nowogrodziec,2,"51°11'50"" 15°23'53"""
0984226,Międzylesie,2,"50°08'52"" 16°40'02"""
0983818,Bielawa,2,"50°41'04"" 16°36'42"""
0983988,Dzierżoniów,2,"50°43'41"" 16°39'05"""
0984396,Pieszyce,2,"50°42'44"" 16°34'49"""
0984491,Piława Górna,2,"50°40'54"" 16°45'14"""
0984539,Radków,2,"50°30'14"" 16°24'03"""
0984545,Stronie Śląskie,2,"50°17'56"" 16°52'25"""
0984232,Niemcza,2,"50°43'00"" 16°50'06"""
0984597,Szczytna,2,"50°24'56"" 16°26'38"""
0954076,Chojnów,2,"51°16'24"" 15°56'11"""
0954082,Głogów,2,"51°39'53"" 16°04'47"""
0954449,Góra,2,"51°40'05"" 16°32'21"""
0954662,Wąsosz,2,"51°33'53"" 16°41'37"""
0954120,Jawor,2,"51°03'01"" 16°11'37"""
0984692,Ząbkowice Śląskie,2,"50°35'20"" 16°48'46"""
0984700,Ziębice,2,"50°36'01"" 17°02'28"""
0954171,Prochowice,2,"51°16'23"" 16°21'44"""
0935995,Bolków,2,"50°55'20"" 16°06'02"""
0879914,Prusice,2,"51°22'16"" 16°57'37"""
0936150,Lubań,2,"51°07'12"" 15°17'22"""
0936457,Świeradów-Zdrój,2,"50°54'33"" 15°19'55"""
0936121,Leśna,2,"51°01'26"" 15°15'50"""
0984746,Żarów,2,"50°56'33"" 16°29'36"""
0987182,Oborniki Śląskie,2,"51°17'58"" 16°54'50"""
0987383,Trzebnica,2,"51°18'30"" 17°03'43"""
0954142,Lubin,2,"51°23'55"" 16°12'12"""
0936032,Karpacz,2,"50°46'29"" 15°45'17"""
0936078,Kowary,2,"50°47'33"" 15°50'11"""
0936285,Piechowice,2,"50°50'59"" 15°35'57"""
0191684,Olszyna,2,"51°04'01"" 15°22'42"""
0987503,Żmigród,2,"51°28'16"" 16°54'28"""
0936368,Szklarska Poręba,2,"50°49'47"" 15°31'08"""
0983824,Boguszów-Gorce,2,"50°45'21"" 16°12'18"""
0984025,Jedlina-Zdrój,2,"50°43'30"" 16°20'49"""
0936003,Gryfów Śląski,2,"51°01'41"" 15°24'53"""
0936026,Kamienna Góra,2,"50°47'00"" 16°01'58"""
0936227,Lwówek Śląski,2,"51°06'39"" 15°35'06"""
0984574,Szczawno-Zdrój,2,"50°48'01"" 16°15'03"""
0936523,Zawidów,2,"51°01'27"" 15°03'49"""
0936233,Mirsk,2,"50°58'12"" 15°22'59"""
0984002,Głuszyca,2,"50°41'15"" 16°22'18"""
0984210,Mieroszów,2,"50°39'59"" 16°11'12"""
0936180,Lubawka,2,"50°42'25"" 15°59'60"""
0936500,Wleń,2,"51°01'01"" 15°40'27"""
0936546,Zgorzelec,2,"51°08'59"" 15°00'24"""
0935908,Bogatynia,2,"50°54'17"" 14°57'26"""
0987064,Brzeg Dolny,2,"51°15'37"" 16°43'11"""
0954202,Ścinawa,2,"51°24'46"" 16°25'34"""
0984723,Złoty Stok,2,"50°26'35"" 16°52'25"""
0983913,Duszniki-Zdrój,2,"50°24'15"" 16°23'24"""
0984077,Kłodzko,2,"50°26'15"" 16°39'10"""
0987130,Milicz,2,"51°31'27"" 17°16'22"""
0987466,Wołów,2,"51°20'11"" 16°38'46"""
0936210,Lubomierz,2,"51°00'46"" 15°30'38"""
0984120,Kudowa-Zdrój,2,"50°26'27"" 16°14'26"""
0984278,Nowa Ruda,2,"50°34'44"" 16°30'09"""
0984522,Polanica-Zdrój,2,"50°24'12"" 16°30'41"""
0983899,Bystrzyca Kłodzka,2,"50°17'51"" 16°39'01"""
0983801,Bardo,2,"50°30'23"" 16°44'26"""
0852631,Kamieniec Ząbkowicki,2,"50°31'30"" 16°52'41"""
0987124,Kąty Wrocławskie,2,"51°01'47"" 16°46'16"""
0987294,Sobótka,2,"50°53'59"" 16°44'40"""
0936351,Pieńsk,2,"51°14'48"" 15°02'44"""
0881160,Siechnice,2,"51°02'01"" 17°08'49"""
0936492,Węgliniec,2,"51°17'10"" 15°13'24"""
0936517,Wojcieszów,2,"50°57'03"" 15°55'20"""
0954219,Złotoryja,2,"51°07'29"" 15°54'57"""
0987213,Oleśnica,2,"51°12'34"" 17°22'49"""
0987035,Bierutów,2,"51°07'31"" 17°32'39"""
0936486,Świerzawa,2,"51°00'52"" 15°53'36"""
0935802,Jelenia Góra,2,"50°54'11"" 15°44'05"""
0954047,Legnica,2,"51°12'24"" 16°09'46"""
0986283,Wrocław,2,"51°06'28"" 17°02'19"""
0937037,Międzybórz,2,"51°23'53"" 17°39'54"""
0983681,Wałbrzych,2,"50°46'02"" 16°16'58"""
0937379,Syców,2,"51°18'34"" 17°43'14"""
0987390,Twardogóra,2,"51°21'56"" 17°28'04"""
0987259,Oława,2,"50°56'26"" 17°17'55"""
0987118,Jelcz-Laskowice,2,"51°02'24"" 17°20'60"""
0954060,Chocianów,2,"51°25'11"" 15°54'09"""
0987437,Wiązów,2,"50°48'50"" 17°12'04"""
0954165,Polkowice,2,"51°30'12"" 16°04'06"""
0954194,Przemków,2,"51°31'41"" 15°47'18"""
0987331,Strzelin,2,"50°46'51"" 17°04'15"""
0987348,Środa Śląska,2,"51°09'48"" 16°35'52"""
0984657,Świdnica,2,"50°50'34"" 16°29'14"""
0984663,Świebodzice,2,"50°51'35"" 16°19'12"""
0984019,Jaworzyna Śląska,2,"50°54'52"" 16°25'50"""
0984551,Strzegom,2,"50°57'37"" 16°20'48"""
0983244,Górzno,4,"53°11'52"" 19°38'37"""
0983474,Jabłonowo Pomorskie,4,"53°23'19"" 19°09'13"""
0982954,Brodnica,4,"53°15'23"" 19°24'10"""
0985384,Aleksandrów Kujawski,4,"52°52'30"" 18°41'41"""
0985616,Ciechocinek,4,"52°52'43"" 18°47'14"""
0985987,Nieszawa,4,"52°50'03"" 18°54'09"""
0929598,Strzelno,4,"52°37'41"" 18°10'21"""
0984752,Włocławek,4,"52°39'26"" 19°03'48"""
0928363,Bydgoszcz,4,"53°07'31"" 18°00'05"""
0983333,Grudziądz,4,"53°29'17"" 18°45'11"""
0982724,Toruń,4,"53°00'48"" 18°36'54"""
0929428,Mogilno,4,"52°39'28"" 17°56'60"""
0985734,Izbica Kujawska,4,"52°25'14"" 18°45'47"""
0929820,Więcbork,4,"53°21'17"" 17°29'23"""
0985562,Chodecz,4,"52°24'17"" 19°01'44"""
0986136,Rypin,4,"53°03'57"" 19°24'47"""
0985651,Dobrzyń nad Wisłą,4,"52°38'18"" 19°19'22"""
0929492,Nowe,4,"53°38'56"" 18°43'34"""
0094024,Pruszcz,4,"53°19'51"" 18°11'50"""
0929724,Tuchola,4,"53°35'18"" 17°51'42"""
0985898,Lubień Kujawski,4,"52°24'19"" 19°09'56"""
0928825,Barcin,4,"52°51'27"" 17°56'31"""
0929664,Świecie,4,"53°24'34"" 18°26'50"""
0869583,Skępe,4,"52°52'01"" 19°21'28"""
0983652,Wąbrzeźno,4,"53°16'48"" 18°56'50"""
0929167,Janowiec Wielkopolski,4,"52°45'25"" 17°29'15"""
0985929,Lubraniec,4,"52°32'38"" 18°50'08"""
0985786,Kowal,4,"52°31'50"" 19°08'55"""
0983126,Chełmża,4,"53°11'12"" 18°36'35"""
0929405,Łabiszyn,4,"52°57'11"" 17°55'09"""
0929865,Żnin,4,"52°50'59"" 17°43'15"""
0929210,Kamień Krajeński,4,"53°31'58"" 17°31'14"""
0985444,Brześć Kujawski,4,"52°36'23"" 18°54'02"""
0929546,Sępólno Krajeńskie,4,"53°27'20"" 17°32'13"""
0985830,Lipno,4,"52°50'45"" 19°10'54"""
0983557,Łasin,4,"53°31'07"" 19°05'11"""
0929380,Kruszwica,4,"52°40'34"" 18°19'23"""
0867510,Piotrków Kujawski,4,"52°33'04"" 18°29'51"""
0929517,Pakość,4,"52°48'25"" 18°05'16"""
0983155,Golub-Dobrzyń,4,"53°06'33"" 19°03'09"""
0983066,Chełmno,4,"53°21'02"" 18°25'49"""
0983540,Kowalewo Pomorskie,4,"53°09'17"" 18°53'53"""
0986060,Radziejów,4,"52°37'23"" 18°31'38"""
0929109,Janikowo,4,"52°45'15"" 18°06'44"""
0929463,Nakło nad Notecią,4,"53°08'19"" 17°36'17"""
0929552,Solec Kujawski,4,"53°04'51"" 18°13'35"""
0929612,Szubin,4,"53°00'27"" 17°44'01"""
0929440,Mrocza,4,"53°14'44"" 17°36'25"""
0929233,Kcynia,4,"52°59'30"" 17°29'14"""
0928937,Gniewkowo,4,"52°53'34"" 18°24'31"""
0929285,Koronowo,4,"53°18'36"" 17°56'32"""
0928989,Inowrocław,4,"52°47'47"" 18°15'42"""
0983630,Radzyń Chełmiński,4,"53°23'06"" 18°56'10"""
0107821,Siedliszcze,6,"51°11'43"" 23°09'52"""
0987800,Hrubieszów,6,"50°48'18"" 23°53'23"""
0887196,Frampol,6,"50°40'18"" 22°40'14"""
0987673,Biłgoraj,6,"50°32'18"" 22°43'13"""
0980493,Janów Lubelski,6,"50°42'24"" 22°24'40"""
0922159,Międzyrzec Podlaski,6,"51°59'14"" 22°46'51"""
0922343,Terespol,6,"52°04'34"" 23°36'58"""
0105667,Rejowiec,6,"51°05'39"" 23°16'60"""
0799760,Modliborzyce,6,"50°45'14"" 22°19'46"""
0887693,Goraj,6,"50°43'17"" 22°40'02"""
0956313,Lubartów,6,"51°27'28"" 22°36'34"""
0987897,Józefów,6,"50°28'52"" 23°03'10"""
0930070,Krasnystaw,6,"50°58'54"" 23°10'02"""
0988069,Tarnogród,6,"50°21'39"" 22°44'31"""
0956069,Kock,6,"51°38'23"" 22°26'47"""
0930176,Rejowiec Fabryczny,6,"51°07'17"" 23°14'36"""
0382036,Józefów nad Wisłą,6,"51°02'27"" 21°49'47"""
0956112,Kraśnik,6,"50°55'18"" 22°13'10"""
0956690,Ostrów Lubelski,6,"51°29'41"" 22°51'15"""
0786213,Annopol,6,"50°53'08"" 21°51'25"""
0956550,Opole Lubelskie,6,"51°08'50"" 21°58'09"""
0893742,Łaszczów,6,"50°31'54"" 23°42'57"""
0392684,Urzędów,6,"50°59'32"" 22°08'35"""
0955740,Dęblin,6,"51°33'57"" 21°50'44"""
0955555,Bełżyce,6,"51°10'30"" 22°16'55"""
0956388,Łęczna,6,"51°18'17"" 22°52'56"""
0956744,Poniatowa,6,"51°11'24"" 22°04'03"""
0891281,Krasnobród,6,"50°32'42"" 23°12'41"""
0956980,Ryki,6,"51°37'33"" 21°56'03"""
0903676,Tyszowce,6,"50°37'02"" 23°42'22"""
0955621,Bychawa,6,"51°00'52"" 22°32'05"""
0975530,Łuków,6,"51°55'48"" 22°22'50"""
0975813,Stoczek Łukowski,6,"51°57'41"" 21°58'10"""
0957146,Świdnik,6,"51°13'12"" 22°42'01"""
0930294,Włodawa,6,"51°32'40"" 23°33'14"""
0922254,Parczew,6,"51°38'26"" 22°54'00"""
0389386,Piaski,6,"51°08'15"" 22°50'54"""
0988075,Tomaszów Lubelski,6,"50°27'04"" 23°24'57"""
0382480,Kamionka,6,"51°28'15"" 22°27'45"""
0889700,Izbica,6,"50°53'34"" 23°09'32"""
0988253,Zwierzyniec,6,"50°36'50"" 22°58'17"""
0955905,Kazimierz Dolny,6,"51°19'20"" 21°56'51"""
0954700,Lublin,6,"51°14'52"" 22°34'05"""
0987510,Zamość,6,"50°42'58"" 23°15'17"""
0892889,Lubycza Królewska,6,"50°20'26"" 23°31'14"""
0987934,Szczebrzeszyn,6,"50°41'42"" 22°58'42"""
0956810,Puławy,6,"51°24'59"" 21°58'09"""
0922277,Radzyń Podlaski,6,"51°47'06"" 22°37'09"""
0956454,Nałęczów,6,"51°17'16"" 22°12'55"""
0922018,Biała Podlaska,6,"52°02'02"" 23°07'23"""
0929902,Chełm,6,"51°08'01"" 23°28'18"""
0935794,Witnica,8,"52°40'26"" 14°53'46"""
0988394,Gubin,8,"51°57'27"" 14°43'14"""
0935742,Strzelce Krajeńskie,8,"52°52'43"" 15°31'58"""
0988460,Krosno Odrzańskie,8,"52°03'08"" 15°05'50"""
0988589,Sława,8,"51°52'50"" 16°04'18"""
0182969,Lubniewice,8,"52°30'45"" 15°14'41"""
0954640,Szlichtyngowa,8,"51°42'43"" 16°14'33"""
0954685,Wschowa,8,"51°48'15"" 16°19'00"""
0935759,Sulęcin,8,"52°26'31"" 15°06'52"""
0935140,Gorzów Wielkopolski,8,"52°43'51"" 15°14'18"""
0988313,Zielona Góra,8,"51°56'21"" 15°30'14"""
0915484,Torzym,8,"52°18'50"" 15°04'21"""
0935736,Słubice,8,"52°21'22"" 14°33'58"""
0935452,Kostrzyn nad Odrą,8,"52°35'24"" 14°38'51"""
0935334,Dobiegniew,8,"52°58'11"" 15°45'19"""
0988508,Łęknica,8,"51°32'12"" 14°44'33"""
0988684,Żary,8,"51°38'09"" 15°08'18"""
0935400,Drezdenko,8,"52°50'19"" 15°49'53"""
0988431,Jasień,8,"51°45'04"" 15°00'44"""
0988490,Lubsko,8,"51°47'08"" 14°58'07"""
0988626,Świebodzin,8,"52°14'53"" 15°32'10"""
0988649,Zbąszynek,8,"52°14'46"" 15°48'57"""
0988342,Babimost,8,"52°09'53"" 15°49'49"""
0988371,Czerwieńsk,8,"52°00'47"" 15°25'22"""
0988448,Kargowa,8,"52°04'19"" 15°51'52"""
0935771,Trzciel,8,"52°21'55"" 15°52'31"""
0988595,Sulechów,8,"52°05'07"" 15°37'23"""
0988520,Nowa Sól,8,"51°48'21"" 15°42'59"""
0988359,Bytom Odrzański,8,"51°43'50"" 15°49'35"""
0988514,Małomice,8,"51°33'19"" 15°26'55"""
0935682,Rzepin,8,"52°20'54"" 14°49'37"""
0988603,Szprotawa,8,"51°33'57"" 15°32'17"""
0935699,Skwierzyna,8,"52°35'51"" 15°30'12"""
0988572,Nowogród Bobrzański,8,"51°48'04"" 15°14'49"""
0988454,Kożuchów,8,"51°44'43"" 15°35'40"""
0988566,Nowe Miasteczko,8,"51°41'26"" 15°43'50"""
0988388,Gozdnica,8,"51°26'17"" 15°05'48"""
0988661,Żagań,8,"51°36'56"" 15°18'48"""
0912824,Otyń,8,"51°50'50"" 15°42'37"""
0988402,Iłowa,8,"51°30'13"" 15°12'03"""
0988365,Cybinka,8,"52°11'38"" 14°47'44"""
0935529,Międzyrzecz,8,"52°26'44"" 15°34'43"""
0935587,Ośno Lubuskie,8,"52°27'14"" 14°52'16"""
0705893,Lutomiersk,10,"51°45'15"" 19°12'42"""
0976050,Sieradz,10,"51°35'46"" 18°43'56"""
0957650,Łódź,10,"51°45'52"" 19°27'47"""
0958967,Ozorków,10,"51°57'44"" 19°17'42"""
0968078,Radomsko,10,"51°04'03"" 19°26'40"""
0976586,Wieluń,10,"51°13'15"" 18°34'14"""
0556648,Wolbórz,10,"51°30'18"" 19°49'48"""
0976675,Zduńska Wola,10,"51°36'07"" 18°56'03"""
0541180,Kamieńsk,10,"51°12'16"" 19°29'49"""
0976451,Szadek,10,"51°41'31"" 18°58'32"""
0706651,Lututów,10,"51°22'17"" 18°26'03"""
0968300,Tomaszów Mazowiecki,10,"51°31'49"" 20°00'35"""
0976400,Poddębice,10,"51°53'35"" 18°57'18"""
0958714,Głowno,10,"51°58'04"" 19°42'50"""
0968026,Przedbórz,10,"51°05'15"" 19°52'26"""
0937400,Wieruszów,10,"51°17'42"" 18°09'18"""
0959240,Stryków,10,"51°54'06"" 19°36'17"""
0976942,Skierniewice,10,"51°57'31"" 20°08'28"""
0959263,Zgierz,10,"51°51'22"" 19°24'22"""
0958654,Aleksandrów Łódzki,10,"51°49'13"" 19°18'18"""
0976267,Błaszki,10,"51°39'06"" 18°26'16"""
0967430,Piotrków Trybunalski,10,"51°24'40"" 19°41'10"""
0977025,Brzeziny,10,"51°47'59"" 19°45'13"""
0969103,Kutno,10,"52°14'03"" 19°21'28"""
0959079,Pabianice,10,"51°39'54"" 19°21'33"""
0969250,Łęczyca,10,"52°03'33"" 19°11'54"""
0703026,Działoszyn,10,"51°07'01"" 18°51'55"""
0977077,Rawa Mazowiecka,10,"51°45'54"" 20°15'08"""
0977019,Biała Rawska,10,"51°48'30"" 20°28'27"""
0949359,Uniejów,10,"51°58'30"" 18°47'39"""
0932330,Pajęczno,10,"51°08'49"" 18°59'42"""
0976830,Złoczew,10,"51°25'05"" 18°36'21"""
0968233,Sulejów,10,"51°21'15"" 19°53'06"""
0725068,Bolimów,10,"52°04'35"" 20°09'49"""
0968664,Zelów,10,"51°27'52"" 19°13'12"""
0958826,Konstantynów Łódzki,10,"51°44'53"" 19°19'32"""
0967943,Opoczno,10,"51°22'36"" 20°17'11"""
0973346,Drzewica,10,"51°27'02"" 20°28'38"""
0415787,Rzgów,10,"51°39'47"" 19°29'24"""
0977031,Łowicz,10,"52°06'29"" 19°56'46"""
0968569,Tuszyn,10,"51°36'14"" 19°32'38"""
0969095,Krośniewice,10,"52°15'22"" 19°10'15"""
0969391,Żychlin,10,"52°14'38"" 19°37'35"""
0573256,Piątek,10,"52°04'08"" 19°28'47"""
0967831,Koluszki,10,"51°44'42"" 19°49'02"""
0967647,Bełchatów,10,"51°21'45"" 19°21'54"""
0976296,Łask,10,"51°35'29"" 19°08'01"""
0976557,Warta,10,"51°42'25"" 18°37'28"""
0959435,Nowy Sącz,12,"49°37'30"" 20°41'26"""
0981570,Tarnów,12,"50°00'45"" 20°59'18"""
0950463,Kraków,12,"50°03'42"" 19°56'15"""
0963773,Zakopane,12,"49°17'49"" 19°56'60"""
0945315,Wolbrom,12,"50°23'07"" 19°45'36"""
0951675,Niepołomice,12,"50°01'59"" 20°12'59"""
0982457,Tuchów,12,"49°53'42"" 21°03'16"""
0924023,Andrychów,12,"49°51'10"" 19°20'29"""
0926921,Wadowice,12,"49°52'59"" 19°29'35"""
0952232,Wieliczka,12,"49°59'05"" 20°03'44"""
0827923,Radłów,12,"50°04'59"" 20°50'52"""
0829098,Ryglice,12,"49°52'45"" 21°08'18"""
0314454,Alwernia,12,"50°04'07"" 19°32'31"""
0938982,Chrzanów,12,"50°08'30"" 19°24'41"""
0337774,Świątniki Górne,12,"49°56'03"" 19°57'13"""
0824936,Nowy Wiśnicz,12,"49°54'55"" 20°27'43"""
0940938,Libiąż,12,"50°06'24"" 19°19'47"""
0944149,Trzebinia,12,"50°09'30"" 19°28'22"""
0982167,Dąbrowa Tarnowska,12,"50°10'28"" 20°59'11"""
0960510,Limanowa,12,"49°42'23"" 20°25'22"""
0941777,Olkusz,12,"50°16'44"" 19°33'36"""
0982641,Żabno,12,"50°08'00"" 20°53'10"""
0924253,Kalwaria Zebrzydowska,12,"49°51'60"" 19°40'33"""
0960697,Mszana Dolna,12,"49°40'41"" 20°04'57"""
0951617,Myślenice,12,"49°50'02"" 19°56'17"""
0951570,Krzeszowice,12,"50°08'06"" 19°38'12"""
0960042,Grybów,12,"49°37'29"" 20°56'51"""
0947225,Miechów,12,"50°21'21"" 20°01'43"""
0960390,Krynica-Zdrój,12,"49°25'17"" 20°57'35"""
0952137,Sułkowice,12,"49°50'28"" 19°48'05"""
0951860,Skała,12,"50°13'49"" 19°51'15"""
0951505,Dobczyce,12,"49°52'40"" 20°05'56"""
0961538,Nowy Targ,12,"49°28'39"" 20°01'55"""
0963454,Szczawnica,12,"49°25'31"" 20°28'58"""
0951876,Skawina,12,"49°58'30"" 19°49'35"""
0924997,Oświęcim,12,"50°02'17"" 19°13'15"""
0960154,Jordanów,12,"49°38'58"" 19°49'49"""
0938120,Brzeszcze,12,"49°58'59"" 19°08'39"""
0925287,Sucha Beskidzka,12,"49°44'25"" 19°35'15"""
0924098,Chełmek,12,"50°06'02"" 19°15'30"""
0924365,Kęty,12,"49°53'01"" 19°13'20"""
0952077,Słomniki,12,"50°14'24"" 20°04'56"""
0927576,Zator,12,"49°59'46"" 19°26'13"""
0961283,Muszyna,12,"49°21'17"" 20°53'45"""
0962503,Rabka-Zdrój,12,"49°36'36"" 19°57'10"""
0244630,Koszyce,12,"50°10'07"" 20°34'40"""
0329705,Nowe Brzesko,12,"50°07'52"" 20°22'28"""
0961768,Piwniczna-Zdrój,12,"49°26'28"" 20°42'58"""
0951818,Proszowice,12,"50°11'33"" 20°17'24"""
0924537,Maków Podhalański,12,"49°43'49"" 19°40'35"""
0815239,Ciężkowice,12,"49°47'11"" 20°58'27"""
0836276,Wojnicz,12,"49°57'28"" 20°50'15"""
0938404,Bukowno,12,"50°16'04"" 19°27'46"""
0837436,Zakliczyn,12,"49°51'22"" 20°48'35"""
0963359,Stary Sącz,12,"49°33'51"" 20°38'06"""
0816871,Czchów,12,"49°50'02"" 20°40'25"""
0981682,Bochnia,12,"49°58'10"" 20°25'57"""
0831149,Szczucin,12,"50°18'33"" 21°04'35"""
0959903,Gorlice,12,"49°39'18"" 21°09'36"""
0952752,Biecz,12,"49°43'52"" 21°15'14"""
0417728,Bobowa,12,"49°42'19"" 20°56'60"""
0981966,Brzesko,12,"49°58'06"" 20°36'28"""
0974044,Wyśmierzyce,14,"51°37'31"" 20°49'04"""
0920380,Grodzisk Mazowiecki,14,"52°06'15"" 20°37'36"""
0921792,Wołomin,14,"52°20'42"" 21°14'45"""
0966079,Ostrołęka,14,"53°04'53"" 21°34'21"""
0968687,Płock,14,"52°32'27"" 19°41'23"""
0973352,Grójec,14,"51°51'56"" 20°52'03"""
0975173,Siedlce,14,"52°09'57"" 22°16'37"""
0918123,Warszawa,14,"52°13'47"" 21°00'42"""
0973665,Mogielnica,14,"51°41'40"" 20°43'23"""
0637921,Solec nad Wisłą,14,"51°08'06"" 21°45'54"""
0975285,Garwolin,14,"51°53'51"" 21°36'56"""
0975434,Łaskarzew,14,"51°47'25"" 21°35'35"""
0975983,Żelechów,14,"51°48'35"" 21°53'44"""
0114620,Glinojeck,14,"52°49'07"" 20°17'03"""
0930414,Ciechanów,14,"52°52'34"" 20°36'29"""
0973725,Nowe Miasto nad Pilicą,14,"51°37'05"" 20°34'53"""
0973978,Warka,14,"51°47'04"" 21°11'20"""
0968977,Gostynin,14,"52°25'45"" 19°27'43"""
0920806,Legionowo,14,"52°24'12"" 20°55'37"""
0975380,Kałuszyn,14,"52°12'31"" 21°48'45"""
0930740,Nasielsk,14,"52°35'32"" 20°48'10"""
0921020,Milanówek,14,"52°07'31"" 20°39'56"""
0118606,Lubowidz,14,"53°07'13"" 19°50'41"""
0739656,Wiskitki,14,"52°05'13"" 20°22'59"""
0966441,Tłuszcz,14,"52°25'48"" 21°26'07"""
0975753,Pilawa,14,"51°57'36"" 21°31'56"""
0002766,Halinów,14,"52°13'36"" 21°21'12"""
0921148,Nowy Dwór Mazowiecki,14,"52°25'50"" 20°42'59"""
0574511,Sanniki,14,"52°19'55"" 19°51'43"""
0668956,Cegłów,14,"52°08'49"" 21°44'24"""
0973524,Kozienice,14,"51°35'06"" 21°32'58"""
0920634,Konstancin-Jeziorna,14,"52°05'34"" 21°07'05"""
0973286,Białobrzegi,14,"51°38'54"" 20°56'59"""
0921645,Serock,14,"52°30'49"" 21°04'14"""
0966330,Ostrów Mazowiecka,14,"52°48'21"" 21°53'52"""
0921504,Podkowa Leśna,14,"52°07'24"" 20°43'39"""
0682940,Mrozy,14,"52°09'57"" 21°48'09"""
0921438,Piaseczno,14,"52°04'11"" 21°01'37"""
0921869,Zakroczym,14,"52°25'60"" 20°36'42"""
0973613,Lipsko,14,"51°09'29"" 21°38'57"""
0966151,Brok,14,"52°42'00"" 21°51'34"""
0921668,Sulejówek,14,"52°14'35"" 21°16'40"""
0930696,Mława,14,"53°06'41"" 20°22'54"""
0969356,Wyszogród,14,"52°23'20"" 20°11'29"""
0930800,Płońsk,14,"52°37'20"" 20°22'26"""
0930839,Raciąż,14,"52°46'52"" 20°07'10"""
0009478,Tarczyn,14,"51°58'48"" 20°50'02"""
0561885,Czerwińsk nad Wisłą,14,"52°23'38"" 20°18'45"""
0514928,Myszyniec,14,"53°22'56"" 21°20'41"""
0120900,Nowe Miasto,14,"52°39'23"" 20°37'42"""
0920404,Józefów,14,"52°08'11"" 21°14'07"""
0921237,Otwock,14,"52°06'26"" 21°15'56"""
0930816,Pułtusk,14,"52°42'14"" 21°05'14"""
0920500,Karczew,14,"52°04'33"" 21°15'01"""
0563223,Drobin,14,"52°44'16"" 19°59'25"""
0973820,Skaryszew,14,"51°18'37"" 21°15'07"""
0125954,Sochocin,14,"52°41'14"" 20°28'20"""
0968871,Gąbin,14,"52°23'54"" 19°44'03"""
0973777,Przysucha,14,"51°21'31"" 20°37'42"""
0973748,Pionki,14,"51°28'43"" 21°27'09"""
0920321,Góra Kalwaria,14,"51°59'07"" 21°12'59"""
0921496,Piastów,14,"52°10'59"" 20°50'30"""
0921510,Pruszków,14,"52°10'12"" 20°48'18"""
0973375,Iłża,14,"51°09'44"" 21°14'14"""
0920284,Brwinów,14,"52°08'34"" 20°43'02"""
0966398,Przasnysz,14,"53°01'18"" 20°52'56"""
0966270,Chorzele,14,"53°15'31"" 20°53'50"""
0676128,Kosów Lacki,14,"52°35'45"" 22°08'49"""
0975747,Mordy,14,"52°12'39"" 22°31'00"""
0625444,Jedlnia-Letnisko,14,"51°25'52"" 21°19'53"""
0977120,Sochaczew,14,"52°13'47"" 20°14'17"""
0975492,Łochów,14,"52°31'50"" 21°40'54"""
0966470,Wyszków,14,"52°35'45"" 21°27'07"""
0930851,Żuromin,14,"53°03'58"" 19°54'35"""
0973895,Szydłowiec,14,"51°13'27"" 20°51'26"""
0977210,Żyrardów,14,"52°03'25"" 20°26'54"""
0977054,Mszczonów,14,"51°58'20"" 20°31'14"""
0920249,Błonie,14,"52°11'41"" 20°37'01"""
0920539,Kobyłka,14,"52°20'22"" 21°11'50"""
0920901,Marki,14,"52°20'15"" 21°06'53"""
0921958,Ząbki,14,"52°17'27"" 21°06'45"""
0921970,Zielonka,14,"52°18'30"" 21°09'30"""
0969310,Sierpc,14,"52°51'15"" 19°40'07"""
0975760,Sokołów Podlaski,14,"52°24'29"" 22°15'00"""
0920864,Łomianki,14,"52°20'01"" 20°53'13"""
0974096,Zwoleń,14,"51°21'23"" 21°35'03"""
0921415,Ożarów Mazowiecki,14,"52°12'38"" 20°47'39"""
0921591,Radzymin,14,"52°25'06"" 21°10'52"""
0111981,Bieżuń,14,"52°57'35"" 19°53'19"""
0975871,Węgrów,14,"52°23'56"" 22°01'02"""
0972750,Radom,14,"51°24'03"" 21°09'12"""
0922120,Łosice,14,"52°12'40"" 22°43'04"""
0966412,Różan,14,"52°53'26"" 21°23'48"""
0966300,Maków Mazowiecki,14,"52°51'47"" 21°06'06"""
0975687,Mińsk Mazowiecki,14,"52°10'42"" 21°34'17"""
0965341,Głuchołazy,16,"50°18'54"" 17°23'00"""
0965750,Niemodlin,16,"50°38'32"" 17°37'10"""
0965016,Opole,16,"50°40'04"" 17°55'43"""
0932293,Olesno,16,"50°52'36"" 18°25'18"""
0965275,Byczyna,16,"51°06'51"" 18°12'51"""
0965743,Namysłów,16,"51°04'36"" 17°43'02"""
0965849,Ozimek,16,"50°40'44"" 18°12'49"""
0965401,Grodków,16,"50°41'55"" 17°23'07"""
0965720,Lewin Brzeski,16,"50°45'19"" 17°36'58"""
0502523,Prószków,16,"50°34'36"" 17°52'17"""
0504090,Tułowice,16,"50°35'37"" 17°39'16"""
0965200,Baborów,16,"50°09'24"" 17°59'09"""
0965252,Brzeg,16,"50°51'42"" 17°28'12"""
0496946,Korfantów,16,"50°29'17"" 17°35'44"""
0965329,Głubczyce,16,"50°12'00"" 17°49'49"""
0965223,Biała,16,"50°23'07"" 17°39'35"""
0965789,Nysa,16,"50°28'25"" 17°19'58"""
0965602,Kietrz,16,"50°04'47"" 18°00'08"""
0966040,Zdzieszowice,16,"50°25'28"" 18°07'30"""
0932353,Praszka,16,"51°03'14"" 18°27'11"""
0965364,Gogolin,16,"50°29'30"" 18°01'20"""
0931490,Gorzów Śląski,16,"51°01'41"" 18°25'20"""
0966004,Zawadzkie,16,"50°36'22"" 18°28'57"""
0965677,Krapkowice,16,"50°28'29"" 17°58'02"""
0965281,Głogówek,16,"50°21'12"" 17°51'52"""
0965424,Kędzierzyn-Koźle,16,"50°20'39"" 18°12'26"""
0965832,Otmuchów,16,"50°27'55"" 17°10'21"""
0965878,Prudnik,16,"50°19'17"" 17°34'50"""
0965619,Kluczbork,16,"50°58'23"" 18°12'52"""
0965631,Kolonowskie,16,"50°39'12"" 18°23'03"""
0965855,Paczków,16,"50°27'51"" 17°00'23"""
0965714,Leśnica,16,"50°25'43"" 18°10'59"""
0965915,Strzelce Opolskie,16,"50°30'40"" 18°18'02"""
0931454,Dobrodzień,16,"50°43'43"" 18°26'36"""
0965996,Wołczyn,16,"51°01'05"" 18°03'00"""
0965967,Ujazd,16,"50°23'22"" 18°20'60"""
0974392,Kolbuszowa,18,"50°14'35"" 21°46'27"""
0982233,Dębica,18,"50°03'03"" 21°24'25"""
0982345,Pilzno,18,"49°58'42"" 21°17'28"""
0953059,Jasło,18,"49°44'45"" 21°28'25"""
0814493,Brzostek,18,"49°52'47"" 21°24'38"""
0953817,Ustrzyki Dolne,18,"49°25'48"" 22°35'13"""
0972192,Jarosław,18,"50°01'08"" 22°41'01"""
0975078,Tyczyn,18,"49°57'50"" 22°01'49"""
0952410,Krosno,18,"49°41'31"" 21°46'01"""
0972683,Sieniawa,18,"50°10'40"" 22°36'34"""
0953881,Zagórz,18,"49°30'51"" 22°16'01"""
0974400,Leżajsk,18,"50°15'47"" 22°25'06"""
0981133,Stalowa Wola,18,"50°34'07"" 22°03'56"""
0975010,Strzyżów,18,"49°52'13"" 21°47'38"""
0974825,Ropczyce,18,"50°03'10"" 21°36'40"""
0810615,Zaklików,18,"50°45'21"" 22°06'07"""
0980352,Baranów Sandomierski,18,"50°29'50"" 21°32'36"""
0971672,Przemyśl,18,"49°46'56"" 22°46'31"""
0974133,Rzeszów,18,"50°02'28"" 21°59'57"""
0980636,Nowa Dęba,18,"50°24'59"" 21°45'01"""
0600496,Dubiecko,18,"49°49'30"" 22°23'33"""
0982411,Radomyśl Wielki,18,"50°11'46"" 21°16'41"""
0972447,Lubaczów,18,"50°09'27"" 23°07'21"""
0972051,Cieszanów,18,"50°14'44"" 23°07'50"""
0974937,Sędziszów Małopolski,18,"50°04'16"" 21°42'07"""
0606984,Narol,18,"50°20'56"" 23°19'37"""
0972507,Oleszyce,18,"50°10'05"" 23°01'54"""
0953007,Iwonicz-Zdrój,18,"49°33'57"" 21°47'34"""
0974529,Łańcut,18,"50°03'57"" 22°13'39"""
0972080,Dynów,18,"49°49'06"" 22°13'41"""
0974280,Błażowa,18,"49°53'07"" 22°06'02"""
0953237,Jedlicze,18,"49°42'45"" 21°38'29"""
0974966,Sokołów Małopolski,18,"50°13'49"" 22°07'12"""
0980530,Nisko,18,"50°31'07"" 22°08'52"""
0644750,Boguchwała,18,"49°58'56"" 21°56'23"""
0980850,Rudnik nad Sanem,18,"50°26'30"" 22°14'48"""
0981386,Ulanów,18,"50°29'28"" 22°16'02"""
0972513,Przeworsk,18,"50°03'31"" 22°29'37"""
0972424,Kańczuga,18,"49°59'00"" 22°24'42"""
0953510,Sanok,18,"49°33'36"" 22°12'08"""
0953421,Rymanów,18,"49°34'34"" 21°52'03"""
0974328,Głogów Małopolski,18,"50°09'04"" 21°57'37"""
0974618,Mielec,18,"50°17'17"" 21°25'14"""
0974788,Nowa Sarzyna,18,"50°19'13"" 22°20'37"""
0972594,Radymno,18,"49°57'06"" 22°49'07"""
0608316,Pruchnik,18,"49°54'22"" 22°30'56"""
0353968,Kołaczyce,18,"49°48'26"" 21°26'01"""
0952924,Dukla,18,"49°33'18"" 21°41'04"""
0658828,Przecław,18,"50°11'39"" 21°28'47"""
0952841,Brzozów,18,"49°41'39"" 22°01'10"""
0953409,Lesko,18,"49°28'19"" 22°19'43"""
0980085,Tarnobrzeg,18,"50°34'12"" 21°40'14"""
0977539,Augustów,20,"53°50'32"" 22°58'39"""
0407380,Szepietowo,20,"52°52'08"" 22°32'43"""
0922923,Dąbrowa Białostocka,20,"53°39'17"" 23°20'48"""
0977717,Lipsk,20,"53°44'01"" 23°24'13"""
0032655,Krynki,20,"53°15'52"" 23°46'28"""
0922811,Choroszcz,20,"53°08'42"" 22°59'31"""
0957620,Wysokie Mazowieckie,20,"52°55'12"" 22°30'49"""
0957324,Ciechanowiec,20,"52°40'45"" 22°29'59"""
0957637,Zambrów,20,"52°58'53"" 22°14'40"""
0395984,Czyżew,20,"52°47'55"" 22°18'60"""
0922886,Czarna Białostocka,20,"53°18'21"" 23°16'56"""
0922410,Białystok,20,"53°07'56"" 23°10'07"""
0957241,Łomża,20,"53°10'43"" 22°04'32"""
0977456,Suwałki,20,"54°06'07"" 22°55'37"""
0031727,Kleszczele,20,"52°34'30"" 23°19'33"""
0957420,Kolno,20,"53°24'33"" 21°56'07"""
0922685,Bielsk Podlaski,20,"52°46'16"" 23°11'25"""
0041312,Suchowola,20,"53°34'42"" 23°06'23"""
0977918,Sejny,20,"54°06'23"" 23°20'59"""
0923035,Hajnówka,20,"52°44'36"" 23°35'01"""
0922745,Brańsk,20,"52°44'36"" 22°50'30"""
0923348,Mońki,20,"53°24'18"" 22°47'58"""
0957560,Szczuczyn,20,"53°33'47"" 22°17'08"""
0923578,Zabłudów,20,"53°00'54"" 23°20'02"""
0922998,Drohiczyn,20,"52°23'49"" 22°39'32"""
0923526,Wasilków,20,"53°11'56"" 23°12'26"""
0923360,Siemiatycze,20,"52°25'47"" 22°51'54"""
0923213,Knyszyn,20,"53°18'46"" 22°55'10"""
0957459,Nowogród,20,"53°13'34"" 21°52'45"""
0957360,Goniądz,20,"53°29'19"" 22°43'57"""
0043446,Tykocin,20,"53°12'23"" 22°46'23"""
0923443,Sokółka,20,"53°24'26"" 23°30'14"""
0034507,Michałowo,20,"53°01'60"" 23°36'23"""
0957548,Stawiski,20,"53°22'46"" 22°09'21"""
0957376,Grajewo,20,"53°38'49"" 22°27'18"""
0923472,Supraśl,20,"53°12'19"" 23°20'15"""
0957382,Jedwabne,20,"53°17'14"" 22°18'09"""
0923510,Suraż,20,"52°57'00"" 22°57'21"""
0923271,Łapy,20,"52°59'22"" 22°52'47"""
0957465,Rajgród,20,"53°43'47"" 22°41'30"""
0932904,Nowy Staw,22,"54°08'10"" 19°00'34"""
0933016,Gdańsk,22,"54°21'07"" 18°38'47"""
0934837,Starogard Gdański,22,"53°58'05"" 18°31'51"""
0934100,Gdynia,22,"54°31'04"" 18°32'20"""
0977278,Słupsk,22,"54°28'01"" 17°01'39"""
0934783,Sopot,22,"54°26'35"" 18°33'41"""
0932726,Dzierzgoń,22,"53°55'21"" 19°20'48"""
0932991,Sztum,22,"53°55'15"" 19°01'47"""
0977427,Ustka,22,"54°34'50"" 16°51'43"""
0977373,Lębork,22,"54°32'28"" 17°44'59"""
0977380,Łeba,22,"54°45'31"" 17°33'21"""
0977404,Miastko,22,"54°00'01"" 16°58'33"""
0977344,Kępice,22,"54°14'34"" 16°53'16"""
0932815,Malbork,22,"54°02'08"" 19°01'55"""
0932755,Krynica Morska,22,"54°22'48"" 19°26'13"""
0932880,Nowy Dwór Gdański,22,"54°12'50"" 19°07'02"""
0162139,Czarna Woda,22,"53°50'41"" 18°05'60"""
0934777,Skórcz,22,"53°47'38"" 18°31'30"""
0934903,Tczew,22,"54°05'17"" 18°47'58"""
0934470,Gniew,22,"53°50'08"" 18°49'20"""
0977290,Bytów,22,"54°10'11"" 17°29'21"""
0932790,Kwidzyn,22,"53°44'06"" 18°56'08"""
0934599,Pelplin,22,"53°55'42"" 18°41'51"""
0932962,Prabuty,22,"53°45'22"" 19°12'16"""
0934659,Reda,22,"54°36'19"" 18°20'50"""
0934694,Rumia,22,"54°34'42"" 18°23'52"""
0934984,Wejherowo,22,"54°36'22"" 18°13'60"""
0935015,Władysławowo,22,"54°47'24"" 18°24'31"""
0934636,Puck,22,"54°43'02"" 18°24'27"""
0935127,Żukowo,22,"54°20'44"" 18°21'52"""
0934501,Hel,22,"54°36'19"" 18°48'10"""
0934518,Jastarnia,22,"54°41'57"" 18°40'22"""
0934553,Kościerzyna,22,"54°07'16"" 17°58'39"""
0977338,Debrzno,22,"53°32'18"" 17°14'07"""
0934547,Kartuzy,22,"54°20'04"" 18°11'58"""
0977321,Człuchów,22,"53°40'02"" 17°21'32"""
0977309,Czarne,22,"53°41'01"" 16°56'25"""
0928854,Chojnice,22,"53°41'40"" 17°34'00"""
0928848,Brusy,22,"53°53'07"" 17°43'27"""
0934620,Pruszcz Gdański,22,"54°15'44"" 18°38'10"""
0928920,Czersk,22,"53°47'42"" 17°58'35"""
0934754,Skarszewy,22,"54°04'16"" 18°26'25"""
0219566,Pilica,24,"50°28'06"" 19°39'29"""
0942222,Pszczyna,24,"49°58'35"" 18°57'31"""
0221936,Sośnicowice,24,"50°16'20"" 18°31'47"""
0932413,Szczekociny,24,"50°37'34"" 19°49'07"""
0942469,Racibórz,24,"50°05'26"" 18°13'11"""
0944126,Toszek,24,"50°27'17"" 18°31'12"""
0215427,Krzanowice,24,"50°01'05"" 18°07'31"""
0942765,Rybnik,24,"50°05'35"" 18°32'30"""
0943150,Siemianowice Śląskie,24,"50°18'17"" 19°01'34"""
0931678,Kłobuck,24,"50°54'19"" 18°56'16"""
0943204,Siewierz,24,"50°28'10"" 19°14'11"""
0943724,Świętochłowice,24,"50°17'31"" 18°54'57"""
0923584,Bielsko-Biała,24,"49°49'20"" 19°02'42"""
0944534,Tychy,24,"50°07'25"" 18°59'13"""
0945380,Zabrze,24,"50°17'55"" 18°47'13"""
0945746,Żory,24,"50°02'44"" 18°41'40"""
0931589,Kalety,24,"50°33'51"" 18°53'03"""
0927642,Żywiec,24,"49°41'06"" 19°11'31"""
0939473,Dąbrowa Górnicza,24,"50°19'34"" 19°12'19"""
0938077,Bieruń,24,"50°05'30"" 19°05'28"""
0941582,Imielin,24,"50°08'46"" 19°11'09"""
0940890,Lędziny,24,"50°07'49"" 19°06'30"""
0940000,Gliwice,24,"50°17'32"" 18°40'02"""
0945083,Pszów,24,"50°02'13"" 18°23'46"""
0945108,Radlin,24,"50°02'52"" 18°28'17"""
0940163,Jastrzębie-Zdrój,24,"49°57'07"" 18°36'08"""
0943121,Rydułtowy,24,"50°03'48"" 18°25'15"""
0944853,Wodzisław Śląski,24,"50°00'16"" 18°27'42"""
0940335,Jaworzno,24,"50°12'13"" 19°16'13"""
0943428,Sosnowiec,24,"50°17'07"" 19°10'41"""
0940884,Kuźnia Raciborska,24,"50°12'00"" 18°18'43"""
0939409,Czerwionka-Leszczyny,24,"50°09'32"" 18°39'49"""
0943902,Miasteczko Śląskie,24,"50°29'25"" 18°55'20"""
0938806,Radzionków,24,"50°23'60"" 18°54'11"""
0943285,Sławków,24,"50°17'54"" 19°23'18"""
0941487,Mysłowice,24,"50°12'43"" 19°08'52"""
0942104,Piekary Śląskie,24,"50°22'40"" 18°56'37"""
0942630,Ruda Śląska,24,"50°16'35"" 18°51'50"""
0941197,Łazy,24,"50°25'40"" 19°23'36"""
0943813,Tarnowskie Góry,24,"50°26'43"" 18°51'11"""
0938670,Bytom,24,"50°20'54"" 18°54'56"""
0938887,Chorzów,24,"50°17'58"" 18°57'09"""
0930868,Częstochowa,24,"50°48'43"" 19°07'40"""
0937474,Katowice,24,"50°15'52"" 19°01'25"""
0942216,Poręba,24,"50°29'16"" 19°20'18"""
0925850,Szczyrk,24,"49°42'43"" 19°01'09"""
0941286,Mikołów,24,"50°10'06"" 18°54'14"""
0941984,Orzesze,24,"50°06'31"" 18°47'33"""
0945491,Zawiercie,24,"50°29'27"" 19°25'27"""
0939094,Czechowice-Dziedzice,24,"49°54'40"" 19°00'26"""
0926996,Wilamowice,24,"49°54'59"" 19°09'10"""
0140675,Olsztyn,24,"50°45'02"" 19°16'03"""
0931945,Lubliniec,24,"50°40'08"" 18°41'05"""
0926677,Ustroń,24,"49°43'13"" 18°48'43"""
0931750,Koniecpol,24,"50°46'22"" 19°40'37"""
0924158,Cieszyn,24,"49°44'55"" 18°38'02"""
0925258,Strumień,24,"49°55'02"" 18°45'48"""
0931862,Krzepice,24,"50°58'15"" 18°43'42"""
0931365,Blachownia,24,"50°47'03"" 18°57'45"""
0937899,Będzin,24,"50°19'27"" 19°08'09"""
0932057,Myszków,24,"50°34'32"" 19°19'34"""
0931827,Koziegłowy,24,"50°35'60"" 19°09'47"""
0939349,Czeladź,24,"50°18'55"" 19°04'18"""
0945232,Wojkowice,24,"50°21'46"" 19°02'41"""
0940849,Knurów,24,"50°13'23"" 18°40'01"""
0942417,Pyskowice,24,"50°23'52"" 18°37'39"""
0941748,Ogrodzieniec,24,"50°27'06"" 19°31'18"""
0932494,Woźniki,24,"50°35'09"" 19°03'33"""
0941139,Łaziska Górne,24,"50°08'58"" 18°50'25"""
0927091,Wisła,24,"49°39'15"" 18°51'39"""
0932643,Żarki,24,"50°37'35"" 19°21'50"""
0925198,Skoczów,24,"49°48'07"" 18°47'15"""
0257118,Oleśnica,26,"50°27'02"" 21°03'50"""
0262310,Pierzchnica,26,"50°41'51"" 20°45'14"""
0947580,Pińczów,26,"50°31'12"" 20°31'36"""
0947716,Skarżysko-Kamienna,26,"51°06'56"" 20°53'43"""
0948472,Włoszczowa,26,"50°51'06"" 19°58'09"""
0802202,Osiek,26,"50°31'12"" 21°26'34"""
0945930,Kielce,26,"50°52'18"" 20°37'53"""
0980783,Połaniec,26,"50°25'57"" 21°16'50"""
0981274,Staszów,26,"50°33'51"" 21°10'03"""
0981417,Zawichost,26,"50°48'22"" 21°51'34"""
0980777,Ożarów,26,"50°53'10"" 21°39'55"""
0236429,Daleszyce,26,"50°48'05"" 20°48'24"""
0276802,Wąchock,26,"51°04'26"" 21°00'37"""
0275062,Szydłów,26,"50°35'27"" 21°00'24"""
0946987,Działoszyce,26,"50°21'58"" 20°21'04"""
0256142,Nowy Korczyn,26,"50°17'59"" 20°48'29"""
0258715,Pacanów,26,"50°23'59"" 21°02'28"""
0247670,Łagów,26,"50°46'30"" 21°05'03"""
0947076,Kazimierza Wielka,26,"50°16'03"" 20°29'13"""
0257963,Opatowiec,26,"50°14'30"" 20°43'26"""
0947627,Skalbmierz,26,"50°19'03"" 20°23'52"""
0947308,Ostrowiec Świętokrzyski,26,"50°56'38"" 21°23'24"""
0254226,Morawica,26,"50°44'42"" 20°37'13"""
0948271,Stąporków,26,"51°08'17"" 20°33'51"""
0980926,Sandomierz,26,"50°40'46"" 21°44'58"""
0255510,Nowa Słupia,26,"50°51'50"" 21°05'24"""
0795933,Klimontów,26,"50°39'23"" 21°27'01"""
0230102,Bodzentyn,26,"50°56'28"" 20°57'25"""
0947136,Końskie,26,"51°11'30"" 20°24'26"""
0946846,Chęciny,26,"50°48'02"" 20°27'44"""
0796588,Koprzywnica,26,"50°35'36"" 21°35'04"""
0793673,Iwaniska,26,"50°43'53"" 21°16'50"""
0980435,Ćmielów,26,"50°53'25"" 21°30'36"""
0946906,Chmielnik,26,"50°36'52"" 20°45'06"""
0264986,Radoszyce,26,"51°04'28"" 20°15'18"""
0948360,Suchedniów,26,"51°02'41"" 20°50'11"""
0947202,Kunów,26,"50°57'17"" 21°16'46"""
0947930,Starachowice,26,"51°03'12"" 21°04'13"""
0980671,Opatów,26,"50°48'05"" 21°25'26"""
0947030,Jędrzejów,26,"50°38'25"" 20°18'13"""
0249343,Małogoszcz,26,"50°48'43"" 20°15'51"""
0946651,Busko-Zdrój,26,"50°28'09"" 20°43'06"""
0277470,Wiślica,26,"50°20'56"" 20°40'27"""
0279686,Wodzisław,26,"50°31'15"" 20°11'30"""
0947610,Sędziszów,26,"50°33'48"" 20°03'07"""
0272951,Stopnica,26,"50°26'23"" 20°56'22"""
0964465,Olsztyn,28,"53°46'35"" 20°29'16"""
0930644,Lidzbark,28,"53°15'41"" 19°49'20"""
0932979,Susz,28,"53°43'06"" 19°20'20"""
0977700,Gołdap,28,"54°18'26"" 22°18'08"""
0977723,Mikołajki,28,"53°48'13"" 21°34'18"""
0977893,Ryn,28,"53°56'20"" 21°32'48"""
0964927,Ostróda,28,"53°41'58"" 19°57'50"""
0485813,Pasym,28,"53°39'01"" 20°47'31"""
0964650,Iława,28,"53°35'24"" 19°34'00"""
0964749,Lubawa,28,"53°30'12"" 19°44'53"""
0481761,Miłakowo,28,"54°00'33"" 20°04'11"""
0490470,Wielbark,28,"53°23'54"" 20°56'49"""
0977947,Węgorzewo,28,"54°12'51"" 21°44'27"""
0932703,Elbląg,28,"54°09'41"" 19°24'35"""
0964583,Bartoszyce,28,"54°15'04"" 20°48'34"""
0964643,Górowo Iławeckie,28,"54°17'16"" 20°29'27"""
0965000,Zalewo,28,"53°50'42"" 19°36'21"""
0933000,Tolkmicko,28,"54°19'13"" 19°31'38"""
0482192,Miłomłyn,28,"53°45'52"" 19°50'12"""
0964710,Kętrzyn,28,"54°04'38"" 21°22'29"""
0977670,Ełk,28,"53°49'22"" 22°21'10"""
0964850,Morąg,28,"53°54'58"" 19°55'45"""
0964577,Barczewo,28,"53°49'42"" 20°41'25"""
0964590,Biskupiec,28,"53°51'52"" 20°57'19"""
0964614,Dobre Miasto,28,"53°59'10"" 20°23'23"""
0977640,Biała Piska,28,"53°36'39"" 22°03'43"""
0964726,Korsze,28,"54°10'20"" 21°08'26"""
0964904,Nidzica,28,"53°21'35"" 20°25'33"""
0964979,Reszel,28,"54°03'02"" 21°08'43"""
0964703,Jeziorany,28,"53°58'35"" 20°44'46"""
0983563,Nowe Miasto Lubawskie,28,"53°25'26"" 19°35'32"""
0977806,Orzysz,28,"53°48'35"" 21°56'50"""
0964732,Lidzbark Warmiński,28,"54°07'33"" 20°34'59"""
0977835,Pisz,28,"53°37'48"" 21°48'22"""
0964910,Olsztynek,28,"53°34'60"" 20°17'07"""
0977692,Giżycko,28,"54°02'24"" 21°46'18"""
0977841,Ruciane-Nida,28,"53°38'30"" 21°32'14"""
0932873,Młynary,28,"54°11'16"" 19°43'22"""
0932910,Orneta,28,"54°06'59"" 20°07'52"""
0977798,Olecko,28,"54°02'16"" 22°30'10"""
0964991,Szczytno,28,"53°33'48"" 20°59'43"""
0964896,Mrągowo,28,"53°52'36"" 21°18'15"""
0932749,Kisielice,28,"53°36'33"" 19°15'32"""
0930609,Działdowo,28,"53°14'19"" 20°10'57"""
0932710,Braniewo,28,"54°22'56"" 19°49'18"""
0932732,Frombork,28,"54°21'25"" 19°40'55"""
0932956,Pieniężno,28,"54°14'20"" 20°07'29"""
0932927,Pasłęk,28,"54°03'55"" 19°39'31"""
0964985,Sępopol,28,"54°16'05"" 21°00'54"""
0964608,Bisztynek,28,"54°05'10"" 20°54'05"""
0970632,Gniezno,30,"52°31'60"" 17°36'05"""
0949046,Kłodawa,30,"52°15'13"" 18°54'47"""
0954633,Rydzyna,30,"51°47'12"" 16°40'02"""
0205386,Opatówek,30,"51°44'22"" 18°12'51"""
0954395,Gostyń,30,"51°52'55"" 17°00'44"""
0971494,Stęszew,30,"52°16'50"" 16°42'12"""
0967191,Ujście,30,"53°03'11"" 16°43'57"""
0936569,Kalisz,30,"51°45'40"" 18°05'13"""
0971614,Środa Wielkopolska,30,"52°13'44"" 17°16'30"""
0967417,Wysoka,30,"53°10'54"" 17°04'47"""
0970589,Dolsk,30,"51°59'14"" 17°03'50"""
0971502,Swarzędz,30,"52°24'36"" 17°04'39"""
0967392,Wyrzysk,30,"53°09'12"" 17°16'01"""
0967297,Wągrowiec,30,"52°48'24"" 17°12'02"""
0948667,Konin,30,"52°13'41"" 18°15'15"""
0954225,Leszno,30,"51°50'36"" 16°34'28"""
0969400,Poznań,30,"52°24'29"" 16°56'00"""
0949388,Witkowo,30,"52°26'24"" 17°46'22"""
0954343,Borek Wielkopolski,30,"51°54'59"" 17°14'32"""
0201141,Koźminek,30,"51°47'58"" 18°20'08"""
0954567,Osieczna,30,"51°54'16"" 16°40'39"""
0949282,Ślesin,30,"52°22'14"" 18°18'23"""
0948992,Dąbie,30,"52°05'18"" 18°49'20"""
0929701,Trzemeszno,30,"52°33'38"" 17°49'19"""
0949253,Sompolno,30,"52°23'20"" 18°30'10"""
0970543,Czerniejewo,30,"52°25'36"" 17°29'22"""
0937445,Żerków,30,"52°04'06"" 17°33'48"""
0970840,Kłecko,30,"52°37'54"" 17°25'46"""
0970968,Książ Wielkopolski,30,"52°03'45"" 17°14'21"""
0195564,Chocz,30,"51°58'37"" 17°52'13"""
0966820,Gołańcz,30,"52°56'36"" 17°18'04"""
0196380,Dobrzyca,30,"51°51'48"" 17°36'04"""
0954308,Bojanowo,30,"51°42'27"" 16°44'56"""
0937280,Pleszew,30,"51°53'47"" 17°47'09"""
0954550,Miejska Górka,30,"51°39'20"" 16°57'25"""
0971459,Skoki,30,"52°40'24"" 17°09'33"""
0954461,Jutrosin,30,"51°39'05"" 17°10'09"""
0954604,Rawicz,30,"51°36'34"" 16°51'30"""
0949247,Słupca,30,"52°17'22"" 17°52'21"""
0988632,Wolsztyn,30,"52°06'52"" 16°06'60"""
0971034,Miłosław,30,"52°12'10"" 17°29'19"""
0590310,Nekla,30,"52°21'52"" 17°24'45"""
0949164,Pyzdry,30,"52°10'01"" 17°41'13"""
0966760,Chodzież,30,"52°59'32"" 16°54'55"""
0524393,Budzyń,30,"52°53'24"" 16°59'16"""
0937327,Stawiszyn,30,"51°55'03"" 18°06'42"""
0954538,Krobia,30,"51°46'27"" 16°59'05"""
0935506,Międzychód,30,"52°36'16"" 15°53'58"""
0954484,Kościan,30,"52°05'09"" 16°38'39"""
0970537,Czempiń,30,"52°08'34"" 16°45'41"""
0966990,Margonin,30,"52°58'24"" 17°05'40"""
0967096,Szamocin,30,"53°01'44"" 17°07'18"""
0954580,Pogorzela,30,"51°49'21"" 17°13'49"""
0971436,Sieraków,30,"52°38'59"" 16°04'56"""
0966777,Czarnków,30,"52°54'17"" 16°33'52"""
0954596,Poniec,30,"51°45'48"" 16°48'31"""
0954544,Krzywiń,30,"51°57'42"" 16°49'15"""
0971028,Lwówek,30,"52°26'53"" 16°10'51"""
0936871,Kępno,30,"51°16'45"" 17°59'00"""
0954656,Śmigiel,30,"52°00'44"" 16°31'31"""
0970810,Grodzisk Wielkopolski,30,"52°13'28"" 16°21'51"""
0949129,Przedecz,30,"52°19'60"" 18°54'02"""
0971175,Nowy Tomyśl,30,"52°18'60"" 16°07'57"""
0971241,Opalenica,30,"52°18'27"" 16°24'47"""
0966961,Krzyż Wielkopolski,30,"52°52'45"" 16°00'49"""
0937333,Sulmierzyce,30,"51°36'22"" 17°31'50"""
0954478,Kobylin,30,"51°42'60"" 17°13'36"""
0949017,Golina,30,"52°14'42"" 18°05'39"""
0988655,Zbąszyń,30,"52°15'12"" 15°55'08"""
0971413,Rakoniewice,30,"52°08'19"" 16°16'24"""
0949052,Koło,30,"52°12'16"" 18°37'57"""
0936925,Koźmin Wielkopolski,30,"51°49'38"" 17°27'10"""
0971181,Oborniki,30,"52°38'45"" 16°48'32"""
0971620,Wielichowo,30,"52°07'03"" 16°20'59"""
0936931,Krotoszyn,30,"51°41'45"" 17°26'15"""
0967162,Trzcianka,30,"53°02'24"" 16°27'38"""
0199088,Jaraczewo,30,"51°58'08"" 17°17'50"""
0936776,Jarocin,30,"51°58'21"" 17°30'06"""
0937310,Raszków,30,"51°43'06"" 17°43'34"""
0967334,Wieleń,30,"52°53'19"" 16°10'04"""
0967080,Rogoźno,30,"52°45'08"" 16°59'30"""
0937439,Zduny,30,"51°38'42"" 17°22'32"""
0970974,Luboń,30,"52°20'45"" 16°52'40"""
0971376,Puszczykowo,30,"52°17'05"" 16°51'16"""
0970520,Buk,30,"52°21'19"" 16°31'11"""
0949023,Kleczew,30,"52°22'15"" 18°10'23"""
0937132,Ostrów Wielkopolski,30,"51°38'58"" 17°49'00"""
0937089,Nowe Skalmierzyce,30,"51°42'31"" 17°59'30"""
0937110,Odolanów,30,"51°34'27"" 17°40'25"""
0971560,Śrem,30,"52°05'43"" 17°01'14"""
0936760,Grabów nad Prosną,30,"51°30'30"" 18°06'53"""
0970885,Kostrzyn,30,"52°23'50"" 17°13'32"""
0937066,Mikstat,30,"51°31'56"" 17°58'23"""
0937250,Ostrzeszów,30,"51°25'25"" 17°55'53"""
0970922,Kórnik,30,"52°14'55"" 17°05'23"""
0949336,Turek,30,"52°00'56"" 18°30'06"""
0966530,Piła,30,"53°08'51"" 16°44'22"""
0971637,Września,30,"52°19'33"" 17°33'55"""
0949431,Zagórów,30,"52°10'06"" 17°53'43"""
0949000,Dobra,30,"51°54'56"" 18°36'59"""
0967423,Złotów,30,"53°21'47"" 17°02'20"""
0971212,Obrzycko,30,"52°42'29"" 16°31'37"""
0949193,Rychwał,30,"52°04'12"" 18°09'59"""
0971264,Ostroróg,30,"52°37'36"" 16°27'03"""
0966843,Jastrowie,30,"53°25'16"" 16°48'56"""
0971057,Mosina,30,"52°14'40"" 16°51'02"""
0971270,Pniewy,30,"52°30'29"" 16°15'19"""
0966932,Krajenka,30,"53°17'49"" 16°59'26"""
0526469,Kaczory,30,"53°06'07"" 16°53'05"""
0966984,Łobżenica,30,"53°15'37"" 17°15'19"""
0971152,Murowana Goślina,30,"52°34'33"" 17°00'34"""
0949320,Tuliszków,30,"52°04'39"" 18°17'37"""
0971531,Szamotuły,30,"52°36'42"" 16°34'43"""
0967044,Okonek,30,"53°32'07"" 16°50'59"""
0971287,Pobiedziska,30,"52°28'39"" 17°17'06"""
0967386,Wronki,30,"52°42'29"" 16°22'43"""
0979969,Trzebiatów,32,"54°03'48"" 15°15'58"""
0935601,Pełczyce,32,"53°02'38"" 15°18'15"""
0979053,Gryfice,32,"53°54'58"" 15°11'55"""
0979952,Trzcińsko-Zdrój,32,"52°57'60"" 14°36'23"""
0950322,Świdwin,32,"53°46'29"" 15°46'27"""
0950144,Połczyn-Zdrój,32,"53°46'01"" 16°05'27"""
0979432,Płoty,32,"53°48'16"" 15°16'05"""
0774782,Dziwnów,32,"54°01'39"" 14°45'37"""
0978881,Golczewo,32,"53°49'28"" 14°58'42"""
0967245,Wałcz,32,"53°16'23"" 16°28'03"""
0966808,Człopa,32,"53°05'11"" 16°07'18"""
0967038,Mirosławiec,32,"53°20'29"" 16°05'17"""
0979113,Kamień Pomorski,32,"53°58'07"" 14°46'22"""
0967185,Tuczno,32,"53°11'40"" 16°09'14"""
0979248,Międzyzdroje,32,"53°55'44"" 14°27'01"""
0980079,Wolin,32,"53°50'29"" 14°36'48"""
0950026,Kołobrzeg,32,"54°10'47"" 15°34'20"""
0306236,Gościno,32,"54°03'05"" 15°39'10"""
0949804,Bobolice,32,"53°57'20"" 16°35'22"""
0950240,Sianów,32,"54°13'32"" 16°17'49"""
0935268,Barlinek,32,"52°59'50"" 15°13'10"""
0935305,Dębno,32,"52°44'08"" 14°42'08"""
0935558,Myślibórz,32,"52°55'30"" 14°52'04"""
0979308,Nowe Warpno,32,"53°43'22"" 14°17'17"""
0979449,Police,32,"53°33'09"" 14°34'19"""
0979120,Lipiany,32,"53°00'10"" 14°58'15"""
0979515,Pyrzyce,32,"53°08'45"" 14°53'33"""
0949833,Darłowo,32,"54°25'15"" 16°24'37"""
0977410,Sławno,32,"54°21'29"" 16°40'39"""
0935357,Drawno,32,"53°13'07"" 15°45'22"""
0979389,Nowogard,32,"53°40'06"" 15°07'28"""
0979202,Mieszkowice,32,"52°47'12"" 14°29'36"""
0988715,Borne Sulinowo,32,"53°34'53"" 16°32'18"""
0977976,Szczecin,32,"53°25'30"" 14°33'03"""
0979283,Moryń,32,"52°51'27"" 14°23'55"""
0979722,Świnoujście,32,"53°54'28"" 14°14'51"""
0783864,Stepnica,32,"53°39'08"" 14°37'42"""
0979076,Gryfino,32,"53°15'24"" 14°29'22"""
0949448,Koszalin,32,"54°11'25"" 16°10'55"""
0978929,Goleniów,32,"53°33'47"" 14°49'47"""
0950115,Polanów,32,"54°07'07"" 16°41'03"""
0949767,Biały Bór,32,"53°53'46"" 16°50'08"""
0979188,Maszewo,32,"53°29'52"" 15°03'34"""
0979580,Resko,32,"53°46'21"" 15°24'24"""
0950374,Złocieniec,32,"53°31'50"" 16°00'42"""
0979716,Suchań,32,"53°16'48"" 15°19'03"""
0950262,Szczecinek,32,"53°42'10"" 16°42'02"""
0980062,Węgorzyno,32,"53°32'27"" 15°33'34"""
0949649,Barwice,32,"53°44'41"" 16°21'19"""
0935280,Choszczno,32,"53°10'03"" 15°25'11"""
0313839,Tychowo,32,"53°55'47"" 16°15'33"""
0949690,Białogard,32,"54°00'30"" 15°59'09"""
0978875,Dobrzany,32,"53°21'30"" 15°25'44"""
0949916,Kalisz Pomorski,32,"53°17'54"" 15°54'20"""
0979099,Ińsko,32,"53°26'09"" 15°32'54"""
0978852,Dobra,32,"53°35'10"" 15°18'26"""
0949968,Karlino,32,"54°02'17"" 15°52'45"""
0979136,Łobez,32,"53°38'22"" 15°37'19"""
0979596,Stargard,32,"53°20'21"" 15°02'28"""
0978757,Chociwel,32,"53°28'09"" 15°20'07"""
0949862,Drawsko Pomorskie,32,"53°31'51"" 15°48'34"""
0978786,Chojna,32,"52°57'48"" 14°25'58"""
0308353,Mielno,32,"54°15'22"" 16°03'08"""
0949810,Czaplinek,32,"53°33'32"" 16°13'59"""
0935653,Recz,32,"53°15'35"" 15°32'47"""
0978734,Cedynia,32,"52°52'42"" 14°12'12"""